
# --- Sample dataset

# --- !Ups

# --- Categorias
insert into categoria (nome) values ('zzzzzz');
insert into categoria (nome) values ('aaaaaa');
insert into categoria (nome) values ('eeeeeeeeeeeeeeeeeeeeeeeee');
insert into categoria (nome) values ('rrrrrrrrrrrrrrrrrrrrr');
insert into categoria (nome) values ('hhhhhhhhhhhhhhhhhhhh');
insert into categoria (nome) values ("egeregreg");
insert into categoria (nome) values ('iuaohiuwheifuhawie');
insert into categoria (nome) values ('wgasstgsrtsrhsr');
insert into categoria (nome) values ('wegrwergwergwer');
insert into categoria (nome) values ('AWDASD');
insert into categoria (nome) values ('wererth');
insert into categoria (nome) values ('teteeryretyertyer');
insert into categoria (nome) values ('dhdtydjdtyjtdyjtd');
insert into categoria (nome) values ('jtyryjrtyjrtyjjrt');
insert into categoria (nome) values ('hreheyjtryjrtyjt');
insert into categoria (nome) values ('jtjrtjrtyjrtyjrtyryj');

# --- Contatos
insert into contato (nome) values ('teteeryretyertyer');
insert into contato (nome) values ('dhdtydjdtyjtdyjtd');
insert into contato (nome) values ('jtyryjrtyjrtyjjrt');
insert into contato (nome) values ('hreheyjtryjrtyjt');
insert into contato (nome) values ('jtjrtjrtyjrtyjrtyryj');
insert into contato (nome) values ('zzzzzz');
insert into contato (nome) values ('aaaaaa');
insert into contato (nome) values ('eeeeeeeeeeeeeeeeeeeeeeeee');
insert into contato (nome) values ('rrrrrrrrrrrrrrrrrrrrr');
insert into contato (nome) values ('hhhhhhhhhhhhhhhhhhhh');
insert into contato (nome) values ("egeregreg");
insert into contato (nome) values ('iuaohiuwheifuhawie');
insert into contato (nome) values ('wgasstgsrtsrhsr');
insert into contato (nome) values ('wegrwergwergwer');
insert into contato (nome) values ('AWDASD');
insert into contato (nome) values ('wererth');
insert into contato (nome) values ('Pacheco');

# --- Tipos
insert into tipo (nome) values ('teteeryretyertyer');
insert into tipo (nome) values ('eeeeeeeeeeeeeeeeeeeeeeeee');
insert into tipo (nome) values ('rrrrrrrrrrrrrrrrrrrrr');
insert into tipo (nome) values ('hhhhhhhhhhhhhhhhhhhh');
insert into tipo (nome) values ('dhdtydjdtyjtdyjtd');
insert into tipo (nome) values ('jtyryjrtyjrtyjjrt');
insert into tipo (nome) values ('hreheyjtryjrtyjt');
insert into tipo (nome) values ('jtjrtjrtyjrtyjrtyryj');
insert into tipo (nome) values ('zzzzzz');
insert into tipo (nome) values ('aaaaaa');
insert into tipo (nome) values ("egeregreg");
insert into tipo (nome) values ('iuaohiuwheifuhawie');
insert into tipo (nome) values ('wgasstgsrtsrhsr');
insert into tipo (nome) values ('wegrwergwergwer');
insert into tipo (nome) values ('AWDASD');
insert into tipo (nome) values ('wererth');